"Category_Id2","Category_Name2","Description2","Category_ID1","CreatedBy","CreatedDateTime","ModifiedBy","ModifiedDateTime","Is_Deleted","Br_Code","BackColor","ForeColor"
"9999","Misc","","9999","0001","18/06/2009 14:55:11","0001","18/06/2009 14:55:11","N","EH","",""
"10000","STOUT","","10000","0001","18/06/2009 14:55:11","0001","18/06/2009 14:55:11","N","EH","",""
"10001","TETRA OTHERS LGE","","10001","0001","18/06/2009 14:55:12","0001","18/06/2009 14:55:12","N","EH","",""
"10002","IMPERIAL","","10002","0001","18/06/2009 14:55:13","0001","18/06/2009 14:55:13","N","EH","",""
"10003","KIDDIES","","10003","0001","18/06/2009 14:55:13","0001","18/06/2009 14:55:13","N","EH","",""
"10004","2&3 LTR BOTTLES","","10001","0001","18/06/2009 14:55:14","0001","18/06/2009 14:55:14","N","EH","",""
"10005","STANDARD","","10004","0001","18/06/2009 14:55:14","0001","18/06/2009 14:55:14","N","EH","",""
"10006","CANS","","10005","0001","18/06/2009 14:55:14","0001","18/06/2009 14:55:14","N","EH","",""
"10007","BOTTLED BEER","","10000","0001","18/06/2009 14:55:14","0001","18/06/2009 14:55:14","N","EH","",""
"10008","WHISKY","","10006","0001","18/06/2009 14:55:14","0001","18/06/2009 14:55:14","N","EH","",""
"10009","AUSTRALIAN&NEW ZEALAND","","10007","0001","18/06/2009 14:55:15","0001","18/06/2009 14:55:15","N","EH","",""
"10010","AUSTRALIAN&NEW ZEALAND","","10008","0001","18/06/2009 14:55:15","0001","18/06/2009 14:55:15","N","EH","",""
"10011","BOTTLED LAGER","","10004","0001","18/06/2009 14:55:15","0001","18/06/2009 14:55:15","N","EH","",""
"10012","CALIFORNIAN","","10008","0001","18/06/2009 14:55:15","0001","18/06/2009 14:55:15","N","EH","",""
"10013","FILLED BARS","","10009","0001","18/06/2009 14:55:15","0001","18/06/2009 14:55:15","N","EH","",""
"10014","KIDDIES","","10009","0001","18/06/2009 14:55:15","0001","18/06/2009 14:55:15","N","EH","",""
"10015","GIN","","10006","0001","18/06/2009 14:55:15","0001","18/06/2009 14:55:15","N","EH","",""
"10016","APPERITIFS","","10006","0001","18/06/2009 14:55:15","0001","18/06/2009 14:55:15","N","EH","",""
"10017","BAGS","","10010","0001","18/06/2009 14:55:15","0001","18/06/2009 14:55:15","N","EH","",""
"10018","PREMIUM&S/STRENGTH","","10004","0001","18/06/2009 14:55:16","0001","18/06/2009 14:55:16","N","EH","",""
"10019","LIQUERS","","10006","0001","18/06/2009 14:55:16","0001","18/06/2009 14:55:16","N","EH","",""
"10020","PORTUGESE","","10008","0001","18/06/2009 14:55:16","0001","18/06/2009 14:55:16","N","EH","",""
"10021","BODYSPRAY&TALC","","10011","0001","18/06/2009 14:55:16","0001","18/06/2009 14:55:16","N","EH","",""
"10022","BRANDY&COGNAC","","10006","0001","18/06/2009 14:55:16","0001","18/06/2009 14:55:16","N","EH","",""
"10023","KELLOGGS","","10012","0001","18/06/2009 14:55:16","0001","18/06/2009 14:55:16","N","EH","",""
"10024","SNACK SGL STD","","10013","0001","18/06/2009 14:55:17","0001","18/06/2009 14:55:17","N","EH","",""
"10025","IND CANS","","10001","0001","18/06/2009 14:55:17","0001","18/06/2009 14:55:17","N","EH","",""
"10026","RTD ALCOHOLS","","10014","0001","18/06/2009 14:55:17","0001","18/06/2009 14:55:17","N","EH","",""
"10027","SM CARTONS JUICE","","10001","0001","18/06/2009 14:55:18","0001","18/06/2009 14:55:18","N","EH","",""
"10028","HAIRCARE","","10011","0001","18/06/2009 14:55:18","0001","18/06/2009 14:55:18","N","EH","",""
"10029","PREMIUM CAT","","10015","0001","18/06/2009 14:55:18","0001","18/06/2009 14:55:18","N","EH","",""
"10030","PERRYS","","10016","0001","18/06/2009 14:55:19","0001","18/06/2009 14:55:19","N","EH","",""
"10031","HEALTH DRINKS","","10001","0001","18/06/2009 14:55:20","0001","18/06/2009 14:55:20","N","EH","",""
"10032","BATH SALTS&S/GEL","","10011","0001","18/06/2009 14:55:20","0001","18/06/2009 14:55:20","N","EH","",""
"10033","TETRA ORANGE LGE","","10001","0001","18/06/2009 14:55:20","0001","18/06/2009 14:55:20","N","EH","",""
"10034","PEANUT BUTTER","","10017","0001","18/06/2009 14:55:20","0001","18/06/2009 14:55:20","N","EH","",""
"10035","HAMS&PORK MEATS","","10018","0001","18/06/2009 14:55:20","0001","18/06/2009 14:55:20","N","EH","",""
"10036","EASTERN EUROPEAN","","10019","0001","18/06/2009 14:55:21","0001","18/06/2009 14:55:21","N","EH","",""
"10037","SMALL BOTTLES","","10001","0001","18/06/2009 14:55:21","0001","18/06/2009 14:55:21","N","EH","",""
"10038","CONDITIONERS","","10020","0001","18/06/2009 14:55:21","0001","18/06/2009 14:55:21","N","EH","",""
"10039","FRENCH","","10008","0001","18/06/2009 14:55:21","0001","18/06/2009 14:55:21","N","EH","",""
"10040","FRENCH","","10007","0001","18/06/2009 14:55:21","0001","18/06/2009 14:55:21","N","EH","",""
"10041","CALIFORNIAN","","10007","0001","18/06/2009 14:55:22","0001","18/06/2009 14:55:22","N","EH","",""
"10042","TEA BAGS","","10021","0001","18/06/2009 14:55:22","0001","18/06/2009 14:55:22","N","EH","",""
"10043","CONDOMS","","10022","0001","18/06/2009 14:55:22","0001","18/06/2009 14:55:22","N","EH","",""
"10044","FILLED BARS","","10010","0001","18/06/2009 14:55:23","0001","18/06/2009 14:55:23","N","EH","",""
"10045","VODKA","","10006","0001","18/06/2009 14:55:24","0001","18/06/2009 14:55:24","N","EH","",""
"10046","SGL LARGE","","10013","0001","18/06/2009 14:55:26","0001","18/06/2009 14:55:26","N","EH","",""
"10047","PINEAPPLE","","10023","0001","18/06/2009 14:55:26","0001","18/06/2009 14:55:26","N","EH","",""
"10048","MISC SUGAR","","10024","0001","18/06/2009 14:55:26","0001","18/06/2009 14:55:26","N","EH","",""
"10049","ALES&BITTERS","","10000","0001","18/06/2009 14:55:27","0001","18/06/2009 14:55:27","N","EH","",""
"10050","BOTTLES","","10005","0001","18/06/2009 14:55:27","0001","18/06/2009 14:55:27","N","EH","",""
"10051","MILK BASED DRINKS","","10001","0001","18/06/2009 14:55:27","0001","18/06/2009 14:55:27","N","EH","",""
"10052","CASTER SUGAR","","10025","0001","18/06/2009 14:55:27","0001","18/06/2009 14:55:27","N","EH","",""
"10053","HONEY","","10017","0001","18/06/2009 14:55:27","0001","18/06/2009 14:55:27","N","EH","",""
"10054","CHEWING GUM","","10026","0001","18/06/2009 14:55:27","0001","18/06/2009 14:55:27","N","EH","",""
"10055","SALMON","","10027","0001","18/06/2009 14:55:27","0001","18/06/2009 14:55:27","N","EH","",""
"10056","DENTAL CARE","","10011","0001","18/06/2009 14:55:27","0001","18/06/2009 14:55:27","N","EH","",""
"10057","PEACHES","","10023","0001","18/06/2009 14:55:28","0001","18/06/2009 14:55:28","N","EH","",""
"10058","TABLETS&CAPSULES","","10020","0001","18/06/2009 14:55:28","0001","18/06/2009 14:55:28","N","EH","",""
"10059","COUNT LINES","","10028","0001","18/06/2009 14:55:28","0001","18/06/2009 14:55:28","N","EH","",""
"10060","S/TARY PROTECTION","","10011","0001","18/06/2009 14:55:28","0001","18/06/2009 14:55:28","N","EH","",""
"10061","MINT SAUCE","","10029","0001","18/06/2009 14:55:28","0001","18/06/2009 14:55:28","N","EH","",""
"10062","CONDIMENTS","","10029","0001","18/06/2009 14:55:28","0001","18/06/2009 14:55:28","N","EH","",""
"10063","MCVITIES","","10028","0001","18/06/2009 14:55:28","0001","18/06/2009 14:55:28","N","EH","",""
"10064","ORANGES/MANDARINS","","10023","0001","18/06/2009 14:55:28","0001","18/06/2009 14:55:28","N","EH","",""
"10065","POWDERS","","10020","0001","18/06/2009 14:55:28","0001","18/06/2009 14:55:28","N","EH","",""
"10066","OWN LABEL MIXES","","10013","0001","18/06/2009 14:55:28","0001","18/06/2009 14:55:28","N","EH","",""
"10067","MUSTARD","","10030","0001","18/06/2009 14:55:28","0001","18/06/2009 14:55:28","N","EH","",""
"10068","RICE LONG GRAIN","","10030","0001","18/06/2009 14:55:28","0001","18/06/2009 14:55:28","N","EH","",""
"10069","RICE BASMATI","","10030","0001","18/06/2009 14:55:28","0001","18/06/2009 14:55:28","N","EH","",""
"10070","TOILET PAPER 4PK","","10031","0001","18/06/2009 14:55:28","0001","18/06/2009 14:55:28","N","EH","",""
"10071","COOKING OILS","","10030","0001","18/06/2009 14:55:29","0001","18/06/2009 14:55:29","N","EH","",""
"10072","CARDED ITEMS","","10032","0001","18/06/2009 14:55:29","0001","18/06/2009 14:55:29","N","EH","",""
"10073","PAIN RELIEF","","10022","0001","18/06/2009 14:55:29","0001","18/06/2009 14:55:29","N","EH","",""
"10074","CADBURYS","","10028","0001","18/06/2009 14:55:29","0001","18/06/2009 14:55:29","N","EH","",""
"10075","OWN LABEL","","10002","0001","18/06/2009 14:55:29","0001","18/06/2009 14:55:29","N","EH","",""
"10076","POT NOODLES","","10033","0001","18/06/2009 14:55:29","0001","18/06/2009 14:55:29","N","EH","",""
"10077","COFFEE INSTANT","","10021","0001","18/06/2009 14:55:29","0001","18/06/2009 14:55:29","N","EH","",""
"10078","LAUNDRY AIDS","","10020","0001","18/06/2009 14:55:29","0001","18/06/2009 14:55:29","N","EH","",""
"10079","CEREAL BARS","","10012","0001","18/06/2009 14:55:29","0001","18/06/2009 14:55:29","N","EH","",""
"10080","SNACK MULTI STD","","10013","0001","18/06/2009 14:55:29","0001","18/06/2009 14:55:29","N","EH","",""
"10081","LIQUIDS","","10020","0001","18/06/2009 14:55:29","0001","18/06/2009 14:55:29","N","EH","",""
"10082","CURRY&CHILLI","","10018","0001","18/06/2009 14:55:29","0001","18/06/2009 14:55:29","N","EH","",""
"10083","SQUASH&CORDIALS","","10001","0001","18/06/2009 14:55:29","0001","18/06/2009 14:55:29","N","EH","",""
"10084","WASHUP LIQUIDS","","10034","0001","18/06/2009 14:55:30","0001","18/06/2009 14:55:30","N","EH","",""
"10085","MULTI STD","","10013","0001","18/06/2009 14:55:30","0001","18/06/2009 14:55:30","N","EH","",""
"10086","BTL FRUIT JUICE","","10001","0001","18/06/2009 14:55:30","0001","18/06/2009 14:55:30","N","EH","",""
"10087","SAV BISCUITS","","10028","0001","18/06/2009 14:55:30","0001","18/06/2009 14:55:30","N","EH","",""
"10088","CIGARETTE PAPERS","","10035","0001","18/06/2009 14:55:30","0001","18/06/2009 14:55:30","N","EH","",""
"10089","BAGS","","10036","0001","18/06/2009 14:55:31","0001","18/06/2009 14:55:31","N","EH","",""
"10090","FRUIT SALAD","","10023","0001","18/06/2009 14:55:31","0001","18/06/2009 14:55:31","N","EH","",""
"10091","TUBES","","10013","0001","18/06/2009 14:55:31","0001","18/06/2009 14:55:31","N","EH","",""
"10092","SNACK SGL FAMILY","","10013","0001","18/06/2009 14:55:31","0001","18/06/2009 14:55:31","N","EH","",""
"10093","NESTLES/PEPSICO","","10012","0001","18/06/2009 14:55:31","0001","18/06/2009 14:55:31","N","EH","",""
"10094","PACKET CAT FOOD","","10015","0001","18/06/2009 14:55:31","0001","18/06/2009 14:55:31","N","EH","",""
"10095","PREMIUM DOG","","10015","0001","18/06/2009 14:55:31","0001","18/06/2009 14:55:31","N","EH","",""
"10096","DOGMEAL BISCUITS","","10015","0001","18/06/2009 14:55:31","0001","18/06/2009 14:55:31","N","EH","",""
"10097","FILLED BARS","","10036","0001","18/06/2009 14:55:31","0001","18/06/2009 14:55:31","N","EH","",""
"10098","SNACK SGL VALUE","","10013","0001","18/06/2009 14:55:31","0001","18/06/2009 14:55:31","N","EH","",""
"10099","ECONOMY DOG","","10015","0001","18/06/2009 14:55:31","0001","18/06/2009 14:55:31","N","EH","",""
"10100","JACOBS","","10028","0001","18/06/2009 14:55:31","0001","18/06/2009 14:55:31","N","EH","",""
"10101","LIQ CLEANERS","","10034","0001","18/06/2009 14:55:32","0001","18/06/2009 14:55:32","N","EH","",""
"10102","SGL STANDARD","","10013","0001","18/06/2009 14:55:32","0001","18/06/2009 14:55:32","N","EH","",""
"10103","FLOUR","","10037","0001","18/06/2009 14:55:32","0001","18/06/2009 14:55:32","N","EH","",""
"10104","BAKED BEANS","","10038","0001","18/06/2009 14:55:32","0001","18/06/2009 14:55:32","N","EH","",""
"10105","MIXERS","","10001","0001","18/06/2009 14:55:32","0001","18/06/2009 14:55:32","N","EH","",""
"10106","LOOSE TEA","","10021","0001","18/06/2009 14:55:32","0001","18/06/2009 14:55:32","N","EH","",""
"10107","NEW WORLD","","10008","0001","18/06/2009 14:55:32","0001","18/06/2009 14:55:32","N","EH","",""
"10108","NEW WORLD","","10007","0001","18/06/2009 14:55:32","0001","18/06/2009 14:55:32","N","EH","",""
"10109","NAPPIES","","10039","0001","18/06/2009 14:55:32","0001","18/06/2009 14:55:32","N","EH","",""
"10110","SHAVING","","10011","0001","18/06/2009 14:55:32","0001","18/06/2009 14:55:32","N","EH","",""
"10111","MISC CONFECT","","10040","0001","18/06/2009 14:55:32","0001","18/06/2009 14:55:32","N","EH","",""
"10112","BURTONS","","10028","0001","18/06/2009 14:55:32","0001","18/06/2009 14:55:32","N","EH","",""
"10113","SOUTH AFRICAN","","10007","0001","18/06/2009 14:55:32","0001","18/06/2009 14:55:32","N","EH","",""
"10114","SOUTH AFRICAN","","10008","0001","18/06/2009 14:55:32","0001","18/06/2009 14:55:32","N","EH","",""
"10115","MID DOG","","10015","0001","18/06/2009 14:55:32","0001","18/06/2009 14:55:32","N","EH","",""
"10116","ECONOMY CAT","","10015","0001","18/06/2009 14:55:32","0001","18/06/2009 14:55:32","N","EH","",""
"10117","PEARS","","10023","0001","18/06/2009 14:55:33","0001","18/06/2009 14:55:33","N","EH","",""
"10118","APRICOTS","","10023","0001","18/06/2009 14:55:33","0001","18/06/2009 14:55:33","N","EH","",""
"10119","LUXURY","","10041","0001","18/06/2009 14:55:33","0001","18/06/2009 14:55:33","N","EH","",""
"10120","TASTE SPREADS","","10042","0001","18/06/2009 14:55:33","0001","18/06/2009 14:55:33","N","EH","",""
"10121","SWEETCORN","","10043","0001","18/06/2009 14:55:33","0001","18/06/2009 14:55:33","N","EH","",""
"10122","BUTTER&SPREADABLES","","10042","0001","18/06/2009 14:55:33","0001","18/06/2009 14:55:33","N","EH","",""
"10123","SWEETS&PANCAKES","","10044","0001","18/06/2009 14:55:33","0001","18/06/2009 14:55:33","N","EH","",""
"10124","DESSERTS","","10045","0001","18/06/2009 14:55:33","0001","18/06/2009 14:55:33","N","EH","",""
"10125","COOKED MEATS","","10046","0001","18/06/2009 14:55:33","0001","18/06/2009 14:55:33","N","EH","",""
"10126","STANDARD","","10041","0001","18/06/2009 14:55:33","0001","18/06/2009 14:55:33","N","EH","",""
"10127","M/BALLS&GRILL","","10018","0001","18/06/2009 14:55:33","0001","18/06/2009 14:55:33","N","EH","",""
"10128","OLIVE OIL","","10030","0001","18/06/2009 14:55:33","0001","18/06/2009 14:55:33","N","EH","",""
"10129","MAYONNAISE","","10029","0001","18/06/2009 14:55:33","0001","18/06/2009 14:55:33","N","EH","",""
"10130","L/CAL MAYONNAISE","","10029","0001","18/06/2009 14:55:33","0001","18/06/2009 14:55:33","N","EH","",""
"10131","TUNA","","10027","0001","18/06/2009 14:55:34","0001","18/06/2009 14:55:34","N","EH","",""
"10132","TOMATOES","","10038","0001","18/06/2009 14:55:34","0001","18/06/2009 14:55:34","N","EH","",""
"10133","STILL WATER","","10001","0001","18/06/2009 14:55:34","0001","18/06/2009 14:55:34","N","EH","",""
"10134","FISH FINGERS&CAKES","","10047","0001","18/06/2009 14:55:34","0001","18/06/2009 14:55:34","N","EH","",""
"10135","READY MEALS","","10048","0001","18/06/2009 14:55:34","0001","18/06/2009 14:55:34","N","EH","",""
"10136","IMPULSE","","10049","0001","18/06/2009 14:55:34","0001","18/06/2009 14:55:34","N","EH","",""
"10137","BURGERS&STEAKS","","10050","0001","18/06/2009 14:55:34","0001","18/06/2009 14:55:34","N","EH","",""
"10138","OTHER VEG&RICE","","10043","0001","18/06/2009 14:55:34","0001","18/06/2009 14:55:34","N","EH","",""
"10139","READY MEALS","","10051","0001","18/06/2009 14:55:34","0001","18/06/2009 14:55:34","N","EH","",""
"10140","PIZZAS","","10052","0001","18/06/2009 14:55:34","0001","18/06/2009 14:55:34","N","EH","",""
"10141","SNACKS","","10053","0001","18/06/2009 14:55:34","0001","18/06/2009 14:55:34","N","EH","",""
"10142","DRINKING","","10041","0001","18/06/2009 14:55:34","0001","18/06/2009 14:55:34","N","EH","",""
"10143","DRINKS&JUICES","","10054","0001","18/06/2009 14:55:34","0001","18/06/2009 14:55:34","N","EH","",""
"10144","POULTRY PROCESSED","","10055","0001","18/06/2009 14:55:34","0001","18/06/2009 14:55:34","N","EH","",""
"10145","GRANULAR SUGAR","","10025","0001","18/06/2009 15:27:18","0001","18/06/2009 15:27:18","N","EH","",""
"10146","BOXES","","10009","0001","18/06/2009 15:27:18","0001","18/06/2009 15:27:18","N","EH","",""
"10147","GRAVY BROWNING","","10030","0001","18/06/2009 15:27:18","0001","18/06/2009 15:27:18","N","EH","",""
"10148","MISCELLANEOUS","","10030","0001","18/06/2009 15:27:18","0001","18/06/2009 15:27:18","N","EH","",""
"10149","ICE POPS","","10001","0001","18/06/2009 15:27:18","0001","18/06/2009 15:27:18","N","EH","",""
"10150","B/BEANS VAR","","10038","0001","18/06/2009 15:27:18","0001","18/06/2009 15:27:18","N","EH","",""
"10151","CUBES","","10025","0001","18/06/2009 15:27:18","0001","18/06/2009 15:27:18","N","EH","",""
"10152","F/TURE POLISH","","10034","0001","18/06/2009 15:27:18","0001","18/06/2009 15:27:18","N","EH","",""
"10153","SAUCES PASTA","","10030","0001","18/06/2009 15:27:18","0001","18/06/2009 15:27:18","N","EH","",""
"10154","STATIONERY","","10032","0001","18/06/2009 15:27:18","0001","18/06/2009 15:27:18","N","EH","",""
"10155","SOAP","","10011","0001","18/06/2009 15:27:18","0001","18/06/2009 15:27:18","N","EH","",""
"10156","CARPET C/NERS","","10034","0001","18/06/2009 15:27:18","0001","18/06/2009 15:27:18","N","EH","",""
"10157","SPARKLING WATER","","10001","0001","18/06/2009 15:27:18","0001","18/06/2009 15:27:18","N","EH","",""
"10158","TOMATO SAUCES","","10029","0001","18/06/2009 15:27:18","0001","18/06/2009 15:27:18","N","EH","",""
"10159","BLEACHES","","10034","0001","18/06/2009 15:27:18","0001","18/06/2009 15:27:18","N","EH","",""
"10160","LONG LIFE CAKES","","10056","0001","18/06/2009 15:27:18","0001","18/06/2009 15:27:18","N","EH","",""
"10161","NUTS","","10013","0001","18/06/2009 15:27:18","0001","18/06/2009 15:27:18","N","EH","",""
"10162","SWEETCORN","","10038","0001","18/06/2009 15:27:18","0001","18/06/2009 15:27:18","N","EH","",""
"10163","SEASONAL","","10032","0001","18/06/2009 15:27:18","0001","18/06/2009 15:27:18","N","EH","",""
"10164","TOILET PAPER 2PK","","10031","0001","18/06/2009 15:27:18","0001","18/06/2009 15:27:18","N","EH","",""
"10165","BROWN SAUCES","","10029","0001","18/06/2009 15:27:19","0001","18/06/2009 15:27:19","N","EH","",""
"10166","SEASONAL","","10010","0001","18/06/2009 15:27:19","0001","18/06/2009 15:27:19","N","EH","",""
"10167","ICING SUGAR","","10025","0001","18/06/2009 15:27:19","0001","18/06/2009 15:27:19","N","EH","",""
"10168","DEMERARA","","10025","0001","18/06/2009 15:27:19","0001","18/06/2009 15:27:19","N","EH","",""
"10169","NOODLES","","10030","0001","18/06/2009 15:27:19","0001","18/06/2009 15:27:19","N","EH","",""
"10170","PEAS","","10038","0001","18/06/2009 15:27:19","0001","18/06/2009 15:27:19","N","EH","",""
"10171","BATTERIES","","10032","0001","18/06/2009 15:27:19","0001","18/06/2009 15:27:19","N","EH","",""
"10172","TOILETRIES","","10039","0001","18/06/2009 15:27:19","0001","18/06/2009 15:27:19","N","EH","",""
"10173","JAMS","","10017","0001","18/06/2009 15:27:19","0001","18/06/2009 15:27:19","N","EH","",""
"10174","BEVERAGES","","10021","0001","18/06/2009 15:27:19","0001","18/06/2009 15:27:19","N","EH","",""
"10175","CASS MIXES","","10030","0001","18/06/2009 15:27:19","0001","18/06/2009 15:27:19","N","EH","",""
"10176","BAHLSEN","","10028","0001","18/06/2009 15:27:20","0001","18/06/2009 15:27:20","N","EH","",""
"10177","RTS MEDIUM","","10057","0001","18/06/2009 15:27:20","0001","18/06/2009 15:27:20","N","EH","",""
"10178","AIR F/NERS","","10034","0001","18/06/2009 15:27:20","0001","18/06/2009 15:27:20","N","EH","",""
"10179","SWEET PICKLE","","10029","0001","18/06/2009 15:27:20","0001","18/06/2009 15:27:20","N","EH","",""
"10180","HERBS&SPICES","","10030","0001","18/06/2009 15:27:20","0001","18/06/2009 15:27:20","N","EH","",""
"10181","CURRY POWDERS","","10030","0001","18/06/2009 15:27:20","0001","18/06/2009 15:27:20","N","EH","",""
"10182","TISSUES","","10031","0001","18/06/2009 15:27:20","0001","18/06/2009 15:27:20","N","EH","",""
"10183","MUSHROOMS","","10038","0001","18/06/2009 15:27:20","0001","18/06/2009 15:27:20","N","EH","",""
"10184","CASS&STEWS","","10018","0001","18/06/2009 15:27:20","0001","18/06/2009 15:27:20","N","EH","",""
"10185","OWN LABEL","","10028","0001","18/06/2009 15:27:20","0001","18/06/2009 15:27:20","N","EH","",""
"10186","BLUE DRAGON","","10019","0001","18/06/2009 15:27:20","0001","18/06/2009 15:27:20","N","EH","",""
"10187","ITALIAN","","10008","0001","18/06/2009 15:27:20","0001","18/06/2009 15:27:20","N","EH","",""
"10188","HALF/ QUARTERS/ MINI","","10116","0001","18/06/2009 15:27:20","0001","22/01/2013 14:54:57","Y","EH","",""
"10189","SAUCES COOKING","","10030","0001","18/06/2009 15:27:20","0001","18/06/2009 15:27:20","N","EH","",""
"10190","HOTDOGS&H/BURG","","10018","0001","18/06/2009 15:27:20","0001","18/06/2009 15:27:20","N","EH","",""
"10191","LITTERS","","10015","0001","18/06/2009 15:27:20","0001","18/06/2009 15:27:20","N","EH","",""
"10192","PASTA CANNED","","10038","0001","18/06/2009 15:27:21","0001","18/06/2009 15:27:21","N","EH","",""
"10193","BEANS VAR","","10038","0001","18/06/2009 15:27:21","0001","18/06/2009 15:27:21","N","EH","",""
"10194","PIPE","","10058","0001","18/06/2009 15:27:21","0001","18/06/2009 15:27:21","N","EH","",""
"10195","SEASONAL","","10009","0001","18/06/2009 15:27:21","0001","18/06/2009 15:27:21","N","EH","",""
"10196","BRIT AMER ROTHMA","","10002","0001","18/06/2009 15:27:21","0001","18/06/2009 15:27:21","N","EH","",""
"10197","GALLAHER","","10002","0001","18/06/2009 15:27:21","0001","18/06/2009 15:27:21","N","EH","",""
"10198","RICE EASY COOK","","10030","0001","18/06/2009 15:27:21","0001","18/06/2009 15:27:21","N","EH","",""
"10199","FOIL","","10034","0001","18/06/2009 15:27:22","0001","18/06/2009 15:27:22","N","EH","",""
"10200","MARYLAND","","10028","0001","18/06/2009 15:27:22","0001","18/06/2009 15:27:22","N","EH","",""
"10201","D/WASHER ITEMS","","10034","0001","18/06/2009 15:27:22","0001","18/06/2009 15:27:22","N","EH","",""
"10202","MULTI PK CANS","","10001","0001","18/06/2009 15:27:22","0001","18/06/2009 15:27:22","N","EH","",""
"10203","ROLLING","","10058","0001","18/06/2009 15:27:22","0001","18/06/2009 15:27:22","N","EH","",""
"10204","SGL FAMILY","","10013","0001","18/06/2009 15:27:22","0001","18/06/2009 15:27:22","N","EH","",""
"10205","BARS","","10010","0001","18/06/2009 15:27:22","0001","18/06/2009 15:27:22","N","EH","",""
"10206","TOILET CLEANERS","","10034","0001","18/06/2009 15:27:23","0001","18/06/2009 15:27:23","N","EH","",""
"10207","ELECTRIC BULBS","","10034","0001","18/06/2009 15:27:23","0001","18/06/2009 15:27:23","N","EH","",""
"10208","POTATOES","","10038","0001","18/06/2009 15:27:23","0001","18/06/2009 15:27:23","N","EH","",""
"10209","SUNDRIES","","10034","0001","18/06/2009 15:27:23","0001","18/06/2009 15:27:23","N","EH","",""
"10210","SUGAR","","10036","0001","18/06/2009 15:27:23","0001","18/06/2009 15:27:23","N","EH","",""
"10211","STOCK CUBES","","10030","0001","18/06/2009 15:27:23","0001","18/06/2009 15:27:23","N","EH","",""
"10212","PACKET SOUPS","","10057","0001","18/06/2009 15:27:23","0001","18/06/2009 15:27:23","N","EH","",""
"10213","KIDDIES","","10036","0001","18/06/2009 15:27:23","0001","18/06/2009 15:27:23","N","EH","",""
"10214","MILK&RUSKS","","10039","0001","18/06/2009 15:27:23","0001","18/06/2009 15:27:23","N","EH","",""
"10215","SAUCES POUROVER","","10030","0001","18/06/2009 15:27:23","0001","18/06/2009 15:27:23","N","EH","",""
"10216","","","10002","0001","18/06/2009 15:27:23","0001","18/06/2009 15:27:23","N","EH","",""
"10217","WARBURTONS","","10059","0001","18/06/2009 15:27:23","0001","18/06/2009 15:27:23","N","EH","",""
"10218","DELI","","10060","0001","18/06/2009 15:27:24","0001","18/06/2009 15:27:24","N","EH","",""
"10219","FRESH","","10061","0001","18/06/2009 15:27:24","0001","18/06/2009 15:27:24","N","EH","",""
"10220","FLUID/GAS&FLINTS","","10035","0001","18/06/2009 15:27:25","0001","18/06/2009 15:27:25","N","EH","",""
"10221","SUGAR","","10062","0001","18/06/2009 15:27:26","0001","18/06/2009 15:27:26","N","EH","",""
"10222","RUMS","","10006","0001","18/06/2009 15:27:27","0001","18/06/2009 15:27:27","N","EH","",""
"10223","1LTR BOTTLES","","10001","0001","18/06/2009 15:27:27","0001","18/06/2009 15:27:27","N","EH","",""
"10224","BAGS","","10063","0001","18/06/2009 15:27:27","0001","18/06/2009 15:27:27","N","EH","",""
"10225","INDIGESTION RELIEF","","10022","0001","18/06/2009 15:27:27","0001","18/06/2009 15:27:27","N","EH","",""
"10226","BOXES","","10010","0001","18/06/2009 15:27:27","0001","18/06/2009 15:27:27","N","EH","",""
"10227","CHAMPAGNE","","10007","0001","18/06/2009 15:27:27","0001","18/06/2009 15:27:27","N","EH","",""
"10228","TREACLE&SYRUPS","","10017","0001","18/06/2009 15:27:27","0001","18/06/2009 15:27:27","N","EH","",""
"10229","MILK PUDDINGS","","10064","0001","18/06/2009 15:27:27","0001","18/06/2009 15:27:27","N","EH","",""
"10230","CUSTARDS","","10064","0001","18/06/2009 15:27:27","0001","18/06/2009 15:27:27","N","EH","",""
"10231","ACCOMPANIMENTS","","10029","0001","18/06/2009 15:27:28","0001","18/06/2009 15:27:28","N","EH","",""
"10232","TOILET PAPER 9PK","","10031","0001","18/06/2009 15:27:28","0001","18/06/2009 15:27:28","N","EH","",""
"10233","DIPS","","10013","0001","18/06/2009 15:27:29","0001","18/06/2009 15:27:29","N","EH","",""
"10234","LOW ALCOHOL","","10004","0001","18/06/2009 15:27:29","0001","18/06/2009 15:27:29","N","EH","",""
"10235","VERMOUTHS","","10006","0001","18/06/2009 15:27:29","0001","18/06/2009 15:27:29","N","EH","",""
"10236","SPARKLING","","10007","0001","18/06/2009 15:27:29","0001","18/06/2009 15:27:29","N","EH","",""
"10237","SUGAR","","10009","0001","18/06/2009 15:27:30","0001","18/06/2009 15:27:30","N","EH","",""
"10238","BARS","","10009","0001","18/06/2009 15:27:30","0001","18/06/2009 15:27:30","N","EH","",""
"10239","PORT","","10006","0001","18/06/2009 15:27:32","0001","18/06/2009 15:27:32","N","EH","",""
"10240","SPANISH","","10008","0001","18/06/2009 15:27:32","0001","18/06/2009 15:27:32","N","EH","",""
"10241","ITALIAN","","10007","0001","18/06/2009 15:27:33","0001","18/06/2009 15:27:33","N","EH","",""
"10242","SHERRY&F/FIED WINE","","10006","0001","18/06/2009 15:27:33","0001","18/06/2009 15:27:33","N","EH","",""
"10243","ICING&MARZIPAN","","10037","0001","18/06/2009 15:27:33","0001","18/06/2009 15:27:33","N","EH","",""
"10244","COLD REMEDIES","","10022","0001","18/06/2009 15:27:33","0001","18/06/2009 15:27:33","N","EH","",""
"10245","FIRST AID","","10022","0001","18/06/2009 15:27:33","0001","18/06/2009 15:27:33","N","EH","",""
"10246","CREAMS","","10022","0001","18/06/2009 15:27:33","0001","18/06/2009 15:27:33","N","EH","",""
"10247","GERMAN","","10007","0001","18/06/2009 15:27:33","0001","18/06/2009 15:27:33","N","EH","",""
"10248","SPREADS&PASTES","","10017","0001","18/06/2009 15:27:33","0001","18/06/2009 15:27:33","N","EH","",""
"10249","CLOTHS&SPONGES","","10034","0001","18/06/2009 15:27:34","0001","18/06/2009 15:27:34","N","EH","",""
"10250","WEETABIX","","10012","0001","18/06/2009 15:27:34","0001","18/06/2009 15:27:34","N","EH","",""
"10251","COFFEE MACHINE PRODUCTS","","10021","0001","18/06/2009 15:27:35","0001","18/06/2009 15:27:35","N","EH","",""
"10252","STEWING STEAK","","10018","0001","18/06/2009 15:27:35","0001","18/06/2009 15:27:35","N","EH","",""
"10253","MEAL SOUPS","","10057","0001","18/06/2009 15:27:36","0001","18/06/2009 15:27:36","N","EH","",""
"10254","SEASONAL","","10028","0001","18/06/2009 15:27:37","0001","18/06/2009 15:27:37","N","EH","",""
"10255","MILK&CREAM","","10064","0001","18/06/2009 15:27:37","0001","18/06/2009 15:27:37","N","EH","",""
"10256","WINDOW CLEANERS","","10034","0001","18/06/2009 15:27:37","0001","18/06/2009 15:27:37","N","EH","",""
"10257","PUREE TOMATO","","10030","0001","18/06/2009 15:27:37","0001","18/06/2009 15:27:37","N","EH","",""
"10258","RICE SAVOURY","","10030","0001","18/06/2009 15:27:37","0001","18/06/2009 15:27:37","N","EH","",""
"10259","POPCORN","","10013","0001","18/06/2009 15:27:37","0001","18/06/2009 15:27:37","N","EH","",""
"10260","OVEN CLEANERS","","10034","0001","18/06/2009 15:27:38","0001","18/06/2009 15:27:38","N","EH","",""
"10261","CAKE MIXES","","10037","0001","18/06/2009 15:27:38","0001","18/06/2009 15:27:38","N","EH","",""
"10262","SCOTS/QUAKER","","10012","0001","18/06/2009 15:27:39","0001","18/06/2009 15:27:39","N","EH","",""
"10263","SALADS","","10038","0001","18/06/2009 15:27:39","0001","18/06/2009 15:27:39","N","EH","",""
"10264","HAIRCARE 2IN1 PRODUCTS","","10011","0001","18/06/2009 15:27:39","0001","18/06/2009 15:27:39","N","EH","",""
"10265","CONC C/TIONERS","","10020","0001","18/06/2009 15:27:40","0001","18/06/2009 15:27:40","N","EH","",""
"10266","DISINFECTANTS","","10034","0001","18/06/2009 15:27:40","0001","18/06/2009 15:27:40","N","EH","",""
"10267","KIDDIES","","10010","0001","18/06/2009 15:27:40","0001","18/06/2009 15:27:40","N","EH","",""
"10268","RTS SMALL","","10057","0001","18/06/2009 15:27:40","0001","18/06/2009 15:27:40","N","EH","",""
"10269","CAT SNACKS&TREATS","","10015","0001","18/06/2009 15:27:40","0001","18/06/2009 15:27:40","N","EH","",""
"10270","MARMALADE","","10017","0001","18/06/2009 15:27:40","0001","18/06/2009 15:27:40","N","EH","",""
"10271","SKIN CARE","","10011","0001","18/06/2009 15:27:40","0001","18/06/2009 15:27:40","N","EH","",""
"10272","BARS","","10036","0001","18/06/2009 15:27:41","0001","18/06/2009 15:27:41","N","EH","",""
"10273","PARMESAN CHEESE","","10030","0001","18/06/2009 15:27:41","0001","18/06/2009 15:27:41","N","EH","",""
"10274","CANNED FOOD","","10039","0001","18/06/2009 15:27:41","0001","18/06/2009 15:27:41","N","EH","",""
"10275","JUICE DRINKS","","10039","0001","18/06/2009 15:27:41","0001","18/06/2009 15:27:41","N","EH","",""
"10276","CRISPBREADS","","10028","0001","18/06/2009 15:27:41","0001","18/06/2009 15:27:41","N","EH","",""
"10277","BOXES","","10036","0001","18/06/2009 15:27:41","0001","18/06/2009 15:27:41","N","EH","",""
"10278","BAGS","","10009","0001","18/06/2009 15:27:41","0001","18/06/2009 15:27:41","N","EH","",""
"10279","JELLIES","","10064","0001","18/06/2009 15:27:41","0001","18/06/2009 15:27:41","N","EH","",""
"10280","INSTANT TEA","","10021","0001","18/06/2009 15:27:42","0001","18/06/2009 15:27:42","N","EH","",""
"10281","SNACKS&TREATS","","10015","0001","18/06/2009 15:27:42","0001","18/06/2009 15:27:42","N","EH","",""
"10282","NUTS","","10037","0001","18/06/2009 15:27:43","0001","18/06/2009 15:27:43","N","EH","",""
"10283","GERMAN","","10008","0001","18/06/2009 15:27:43","0001","18/06/2009 15:27:43","N","EH","",""
"10284","SEASONAL","","10065","0001","18/06/2009 15:27:43","0001","18/06/2009 15:27:43","N","EH","",""
"10285","PKT DESSERTS","","10064","0001","18/06/2009 15:27:44","0001","18/06/2009 15:27:44","N","EH","",""
"10286","DRIED VEG","","10038","0001","18/06/2009 15:27:44","0001","18/06/2009 15:27:44","N","EH","",""
"10287","PRNS/SHR&CRAB","","10027","0001","18/06/2009 15:27:45","0001","18/06/2009 15:27:45","N","EH","",""
"10288","PASTA SPAGHETTI","","10030","0001","18/06/2009 15:27:45","0001","18/06/2009 15:27:45","N","EH","",""
"10289","LONG LIFE BREAD","","10066","0001","18/06/2009 15:27:45","0001","18/06/2009 15:27:45","N","EH","",""
"10290","SPANISH","","10007","0001","18/06/2009 15:27:46","0001","18/06/2009 15:27:46","N","EH","",""
"10291","SPICES","","10019","0001","18/06/2009 15:27:46","0001","18/06/2009 15:27:46","N","EH","",""
"10292","PIES&PUDDINGS","","10018","0001","18/06/2009 15:27:47","0001","18/06/2009 15:27:47","N","EH","",""
"10293","BEEF EXTRACTS","","10030","0001","18/06/2009 15:27:47","0001","18/06/2009 15:27:47","N","EH","",""
"10294","FOXS","","10028","0001","18/06/2009 15:27:48","0001","18/06/2009 15:27:48","N","EH","",""
"10295","LENTILS","","10019","0001","18/06/2009 15:27:48","0001","18/06/2009 15:27:48","N","EH","",""
"10296","LIGHTERS","","10035","0001","18/06/2009 15:27:49","0001","18/06/2009 15:27:49","N","EH","",""
"10297","RELISH&SALSA","","10029","0001","18/06/2009 15:27:49","0001","18/06/2009 15:27:49","N","EH","",""
"10298","SKIN CARE","","10022","0001","18/06/2009 15:27:49","0001","18/06/2009 15:27:49","N","EH","",""
"10299","BEETROOT","","10029","0001","18/06/2009 15:27:50","0001","18/06/2009 15:27:50","N","EH","",""
"10300","CLINGFILM","","10034","0001","18/06/2009 15:27:51","0001","18/06/2009 15:27:51","N","EH","",""
"10301","PORTUGESE","","10007","0001","18/06/2009 15:27:51","0001","18/06/2009 15:27:51","N","EH","",""
"10302","APPLE SAUCE","","10029","0001","18/06/2009 15:27:52","0001","18/06/2009 15:27:52","N","EH","",""
"10303","SALAD DRESSING","","10029","0001","18/06/2009 15:27:52","0001","18/06/2009 15:27:52","N","EH","",""
"10304","CHOCOLATE","","10037","0001","18/06/2009 15:27:53","0001","18/06/2009 15:27:53","N","EH","",""
"10305","MATCHES","","10035","0001","18/06/2009 15:27:54","0001","18/06/2009 15:27:54","N","EH","",""
"10306","LEMON JUICE&ESS","","10037","0001","18/06/2009 15:27:55","0001","18/06/2009 15:27:55","N","EH","",""
"10307","SUET&BATTER","","10037","0001","18/06/2009 15:27:55","0001","18/06/2009 15:27:55","N","EH","",""
"10308","REFUSE BAGS","","10034","0001","18/06/2009 15:27:55","0001","18/06/2009 15:27:55","N","EH","",""
"10309","RUBBER GLOVES","","10034","0001","18/06/2009 15:27:56","0001","18/06/2009 15:27:56","N","EH","",""
"10310","THIN SAUCES","","10029","0001","18/06/2009 15:27:57","0001","18/06/2009 15:27:57","N","EH","",""
"10311","ANTISEPTICS","","10022","0001","18/06/2009 15:27:57","0001","18/06/2009 15:27:57","N","EH","",""
"10312","KITCHEN TOWELS","","10031","0001","18/06/2009 15:27:57","0001","18/06/2009 15:27:57","N","EH","",""
"10313","BIRD","","10015","0001","18/06/2009 15:27:57","0001","18/06/2009 15:27:57","N","EH","",""
"10314","COTTON WOOL","","10011","0001","18/06/2009 15:28:01","0001","18/06/2009 15:28:01","N","EH","",""
"10315","SARDINES&SILD","","10027","0001","18/06/2009 15:28:01","0001","18/06/2009 15:28:01","N","EH","",""
"10316","MATCHES&F/LIGHTERS","","10034","0001","18/06/2009 15:28:02","0001","18/06/2009 15:28:02","N","EH","",""
"10317","CHUTNEY","","10029","0001","18/06/2009 15:28:04","0001","18/06/2009 15:28:04","N","EH","",""
"10318","STUFF&B/CRUMBS","","10030","0001","18/06/2009 15:28:05","0001","18/06/2009 15:28:05","N","EH","",""
"10319","DRIED FRUIT","","10037","0001","18/06/2009 15:28:05","0001","18/06/2009 15:28:05","N","EH","",""
"10320","POTS","","10033","0001","18/06/2009 15:28:05","0001","18/06/2009 15:28:05","N","EH","",""
"10321","PEPPER","","10030","0001","18/06/2009 15:28:05","0001","18/06/2009 15:28:05","N","EH","",""
"10322","SALT","","10030","0001","18/06/2009 15:28:07","0001","18/06/2009 15:28:07","N","EH","",""
"10323","OWN LABEL","","10012","0001","18/06/2009 15:28:07","0001","18/06/2009 15:28:07","N","EH","",""
"10324","METAL POLISH","","10034","0001","18/06/2009 15:28:07","0001","18/06/2009 15:28:07","N","EH","",""
"10325","PICKLED ONIONS","","10029","0001","18/06/2009 15:28:09","0001","18/06/2009 15:28:09","N","EH","",""
"10326","SPONGES PUDDINGS","","10064","0001","18/06/2009 15:28:10","0001","18/06/2009 15:28:10","N","EH","",""
"10327","VINEGAR","","10029","0001","18/06/2009 15:28:12","0001","18/06/2009 15:28:12","N","EH","",""
"10328","SWEETENERS","","10025","0001","18/06/2009 15:28:12","0001","18/06/2009 15:28:12","N","EH","",""
"10329","FOOD BAGS","","10034","0001","18/06/2009 15:28:13","0001","18/06/2009 15:28:13","N","EH","",""
"10330","PASTA SHAPES","","10030","0001","18/06/2009 15:28:13","0001","18/06/2009 15:28:13","N","EH","",""
"10331","CORNFLOUR","","10037","0001","18/06/2009 15:28:14","0001","18/06/2009 15:28:14","N","EH","",""
"10332","CORNED BEEF","","10018","0001","18/06/2009 15:28:15","0001","18/06/2009 15:28:15","N","EH","",""
"10333","SALAD CREAM","","10029","0001","18/06/2009 15:28:18","0001","18/06/2009 15:28:18","N","EH","",""
"10334","POSTAGE STAMPS","","10032","0001","18/06/2009 15:28:18","0001","18/06/2009 15:28:18","N","EH","",""
"10335","DRIED MEALS","","10033","0001","18/06/2009 15:28:21","0001","18/06/2009 15:28:21","N","EH","",""
"10336","CONDENSED","","10057","0001","18/06/2009 15:28:25","0001","18/06/2009 15:28:25","N","EH","",""
"10337","FLOUR","","10019","0001","18/06/2009 15:28:25","0001","18/06/2009 15:28:25","N","EH","",""
"10338","BBQ SAUCES","","10029","0001","18/06/2009 15:28:28","0001","18/06/2009 15:28:28","N","EH","",""
"10339","MULTIPACKS","","10057","0001","18/06/2009 15:28:29","0001","18/06/2009 15:28:29","N","EH","",""
"10340","STRAWBERRIES","","10023","0001","18/06/2009 15:28:30","0001","18/06/2009 15:28:30","N","EH","",""
"10341","","","10008","0001","18/06/2009 15:28:33","0001","18/06/2009 15:28:33","N","EH","",""
"10342","","","10007","0001","18/06/2009 15:28:33","0001","18/06/2009 15:28:33","N","EH","",""
"10343","FILTER COFFEE","","10021","0001","18/06/2009 15:28:34","0001","18/06/2009 15:28:34","N","EH","",""
"10344","PIE FILLINGS","","10037","0001","18/06/2009 15:28:38","0001","18/06/2009 15:28:38","N","EH","",""
"10345","MUSSELS&COCKLES","","10027","0001","18/06/2009 15:28:39","0001","18/06/2009 15:28:39","N","EH","",""
"10346","EYE CARE","","10022","0001","18/06/2009 15:28:46","0001","18/06/2009 15:28:46","N","EH","",""
"10347","FRESH ORANGE","","10001","0001","18/06/2009 15:28:47","0001","18/06/2009 15:28:47","N","EH","",""
"10348","CEREALS&PULSES","","10030","0001","18/06/2009 15:29:00","0001","18/06/2009 15:29:00","N","EH","",""
"10349","TUBS","","10049","0001","18/06/2009 15:29:01","0001","18/06/2009 15:29:01","N","EH","",""
"10350","BACK","","10067","0001","18/06/2009 15:29:01","0001","18/06/2009 15:29:01","N","EH","",""
"10351","STREAKY","","10067","0001","18/06/2009 15:29:01","0001","18/06/2009 15:29:01","N","EH","",""
"10352","DIET","","10041","0001","18/06/2009 15:29:01","0001","18/06/2009 15:29:01","N","EH","",""
"10353","NATURAL&GREEK","","10041","0001","18/06/2009 15:29:01","0001","18/06/2009 15:29:01","N","EH","",""
"10354","CHIPS","","10068","0001","18/06/2009 15:29:01","0001","18/06/2009 15:29:01","N","EH","",""
"10355","FLAVOURED","","10069","0001","18/06/2009 15:29:02","0001","18/06/2009 15:29:02","N","EH","",""
"10356","TERRITORY","","10070","0001","18/06/2009 15:29:02","0001","18/06/2009 15:29:02","N","EH","",""
"10357","BREAD","","10071","0001","18/06/2009 15:29:02","0001","18/06/2009 15:29:02","N","EH","",""
"10358","HOT PIES&PASTIES","","10072","0001","18/06/2009 15:29:02","0001","18/06/2009 15:29:02","N","EH","",""
"10359","PORTIONS","","10053","0001","18/06/2009 15:29:02","0001","18/06/2009 15:29:02","N","EH","",""
"10360","FLAVOURED","","10061","0001","18/06/2009 15:29:02","0001","18/06/2009 15:29:02","N","EH","",""
"10361","FRUIT","","10073","0001","18/06/2009 15:29:02","0001","18/06/2009 15:29:02","N","EH","",""
"10362","SALADS","","10073","0001","18/06/2009 15:29:03","0001","18/06/2009 15:29:03","N","EH","",""
"10363","FRESH","","10074","0001","18/06/2009 15:29:03","0001","18/06/2009 15:29:03","N","EH","",""
"10364","SPREADS&SOFT CHEESE","","10053","0001","18/06/2009 15:29:03","0001","18/06/2009 15:29:03","N","EH","",""
"10365","POTATO SHAPES","","10068","0001","18/06/2009 15:29:03","0001","18/06/2009 15:29:03","N","EH","",""
"10366","BEANS","","10043","0001","18/06/2009 15:29:03","0001","18/06/2009 15:29:03","N","EH","",""
"10367","MIXES","","10043","0001","18/06/2009 15:29:03","0001","18/06/2009 15:29:03","N","EH","",""
"10368","CARROTS","","10043","0001","18/06/2009 15:29:03","0001","18/06/2009 15:29:03","N","EH","",""
"10369","CAULIFLOWER","","10043","0001","18/06/2009 15:29:03","0001","18/06/2009 15:29:03","N","EH","",""
"10370","BRUSSEL SPROUTS","","10043","0001","18/06/2009 15:29:03","0001","18/06/2009 15:29:03","N","EH","",""
"10371","PEAS","","10043","0001","18/06/2009 15:29:04","0001","18/06/2009 15:29:04","N","EH","",""
"10372","GRATED&PARMESAN","","10070","0001","18/06/2009 15:29:04","0001","18/06/2009 15:29:04","N","EH","",""
"10373","SPECIALITY","","10038","0001","18/06/2009 15:29:04","0001","18/06/2009 15:29:04","N","EH","",""
"10374","SALADS","","10075","0001","18/06/2009 15:29:04","0001","18/06/2009 15:29:04","N","EH","",""
"10375","COLESLAW","","10075","0001","18/06/2009 15:29:04","0001","18/06/2009 15:29:04","N","EH","",""
"10376","PASTRY","","10076","0001","18/06/2009 15:29:04","0001","18/06/2009 15:29:04","N","EH","",""
"10377","","","10075","0001","18/06/2009 15:29:04","0001","18/06/2009 15:29:04","N","EH","",""
"10378","POULTRY","","10077","0001","18/06/2009 15:29:04","0001","18/06/2009 15:29:04","N","EH","",""
"10379","CHEDDAR MATURE","","10070","0001","18/06/2009 15:29:04","0001","18/06/2009 15:29:04","N","EH","",""
"10380","CONTINENTAL","","10070","0001","18/06/2009 15:29:05","0001","18/06/2009 15:29:05","N","EH","",""
"10381","FRESH","","10044","0001","18/06/2009 15:29:05","0001","18/06/2009 15:29:05","N","EH","",""
"10382","PORK","","10078","0001","18/06/2009 15:29:05","0001","18/06/2009 15:29:05","N","EH","",""
"10383","GAMMON&JOINTS","","10067","0001","18/06/2009 15:29:05","0001","18/06/2009 15:29:05","N","EH","",""
"10384","MOUSSE","","10044","0001","18/06/2009 15:29:06","0001","18/06/2009 15:29:06","N","EH","",""
"10385","MORNING GOODS","","10071","0001","18/06/2009 15:29:07","0001","18/06/2009 15:29:07","N","EH","",""
"10386","CAKES","","10071","0001","18/06/2009 15:29:07","0001","18/06/2009 15:29:07","N","EH","",""
"10387","PASTA","","10051","0001","18/06/2009 15:29:07","0001","18/06/2009 15:29:07","N","EH","",""
"10388","U.H.T.","","10061","0001","18/06/2009 15:29:07","0001","18/06/2009 15:29:07","N","EH","",""
"10389","SAUSAGE ROLLS","","10072","0001","18/06/2009 15:29:07","0001","18/06/2009 15:29:07","N","EH","",""
"10390","DIPS&DRESSINGS","","10075","0001","18/06/2009 15:29:08","0001","18/06/2009 15:29:08","N","EH","",""
"10391","U.H.T. SINGLE","","10079","0001","18/06/2009 15:29:08","0001","18/06/2009 15:29:08","N","EH","",""
"10392","U.H.T. DOUBLE","","10079","0001","18/06/2009 15:29:08","0001","18/06/2009 15:29:08","N","EH","",""
"10393","RECIPE DISHES","","10048","0001","18/06/2009 15:29:08","0001","18/06/2009 15:29:08","N","EH","",""
"10394","COOKING&BAKING","","10042","0001","18/06/2009 15:29:08","0001","18/06/2009 15:29:08","N","EH","",""
"10395","YORKSHIRE PUDDINGS","","10080","0001","18/06/2009 15:29:09","0001","18/06/2009 15:29:09","N","EH","",""
"10396","HEALTH SPREADS","","10042","0001","18/06/2009 15:29:10","0001","18/06/2009 15:29:10","N","EH","",""
"10397","MIDDLE","","10067","0001","18/06/2009 15:29:10","0001","18/06/2009 15:29:10","N","EH","",""
"10398","VEGETABLES","","10073","0001","18/06/2009 15:29:11","0001","18/06/2009 15:29:11","N","EH","",""
"10399","CHEDDAR MEDIUM","","10070","0001","18/06/2009 15:29:11","0001","18/06/2009 15:29:11","N","EH","",""
"10400","CHEDDAR MILD","","10070","0001","18/06/2009 15:29:12","0001","18/06/2009 15:29:12","N","EH","",""
"10401","OTHER","","10078","0001","18/06/2009 15:29:12","0001","18/06/2009 15:29:12","N","EH","",""
"10402","PRAWNS&SCAMPI","","10047","0001","18/06/2009 15:29:12","0001","18/06/2009 15:29:12","N","EH","",""
"10403","AEROSOL","","10079","0001","18/06/2009 15:29:12","0001","18/06/2009 15:29:12","N","EH","",""
"10404","CONTINENTAL","","10046","0001","18/06/2009 15:29:12","0001","18/06/2009 15:29:12","N","EH","",""
"10405","RED MEAT CUTS&JOINTS","","10050","0001","18/06/2009 15:29:16","0001","18/06/2009 15:29:16","N","EH","",""
"10406","FRESH SINGLE","","10079","0001","18/06/2009 15:29:16","0001","18/06/2009 15:29:16","N","EH","",""
"10407","FRESH DOUBLE","","10079","0001","18/06/2009 15:29:16","0001","18/06/2009 15:29:16","N","EH","",""
"10408","PATE&SPECIALITY","","10046","0001","18/06/2009 15:29:16","0001","18/06/2009 15:29:16","N","EH","",""
"10409","BLOCKS","","10049","0001","18/06/2009 15:29:16","0001","18/06/2009 15:29:16","N","EH","",""
"10410","PILCHARDS","","10027","0001","18/06/2009 15:29:21","0001","18/06/2009 15:29:21","N","EH","",""
"10411","GARLIC","","10030","0001","18/06/2009 15:29:23","0001","18/06/2009 15:29:23","N","EH","",""
"10412","BREAD&PASTRY","","10037","0001","18/06/2009 15:29:26","0001","18/06/2009 15:29:26","N","EH","",""
"10413","MACK/KIPP&HERR","","10027","0001","18/06/2009 15:29:28","0001","18/06/2009 15:29:28","N","EH","",""
"10414","RHUBARB&PRUNES","","10023","0001","18/06/2009 15:29:29","0001","18/06/2009 15:29:29","N","EH","",""
"10415","SHOE POLISHES","","10034","0001","18/06/2009 15:29:29","0001","18/06/2009 15:29:29","N","EH","",""
"10416","","","10027","0001","18/06/2009 15:29:32","0001","18/06/2009 15:29:32","N","EH","",""
"10417","FISH FILLETS","","10047","0001","18/06/2009 15:29:33","0001","18/06/2009 15:29:33","N","EH","",""
"10418","FISH STEAKS","","10047","0001","18/06/2009 15:29:33","0001","18/06/2009 15:29:33","N","EH","",""
"10419","WAFFLES","","10068","0001","18/06/2009 15:29:33","0001","18/06/2009 15:29:33","N","EH","",""
"10420","ROAST POTATOES","","10068","0001","18/06/2009 15:29:33","0001","18/06/2009 15:29:33","N","EH","",""
"10421","POULTRY WHOLE&CUTS","","10055","0001","18/06/2009 15:29:34","0001","18/06/2009 15:29:34","N","EH","",""
"10422","PORK PIES","","10072","0001","18/06/2009 15:29:35","0001","18/06/2009 15:29:35","N","EH","",""
"10423","PIES","","10081","0001","18/06/2009 15:29:35","0001","18/06/2009 15:29:35","N","EH","",""
"10424","STIR FRY DISHES","","10048","0001","18/06/2009 15:29:36","0001","18/06/2009 15:29:36","N","EH","",""
"10425","SAUSAGES","","10050","0001","18/06/2009 15:29:36","0001","18/06/2009 15:29:36","N","EH","",""
"10426","PANCAKE SNACKS","","10080","0001","18/06/2009 15:29:36","0001","18/06/2009 15:29:36","N","EH","",""
"10427","FRUITS","","10045","0001","18/06/2009 15:29:40","0001","18/06/2009 15:29:40","N","EH","",""
"10428","CONES&PAPER CUPS","","10049","0001","18/06/2009 15:29:45","0001","18/06/2009 15:29:45","N","EH","",""
"10429","U.H.T. WHIPPING","","10079","0001","18/06/2009 15:29:46","0001","18/06/2009 15:29:46","N","EH","",""
"10430","ICE","","10049","0001","18/06/2009 15:29:46","0001","18/06/2009 15:29:46","N","EH","",""
"10431","GARLIC BREADS","","10052","0001","18/06/2009 15:29:47","0001","18/06/2009 15:29:47","N","EH","",""
"10432","CONES&WAFERS","","10028","0001","18/06/2009 15:29:52","0001","18/06/2009 15:29:52","N","EH","",""
"10433","CIDER","","10000","0001","21/06/2009 21:48:34","0001","21/06/2009 21:48:34","N","EH","",""
"10434","CUSTARD","","10061","0002","28/06/2009 17:06:55","0002","28/06/2009 17:06:55","N","EH","",""
"10435","EURO MILLIONS","","10090","0002","03/07/2009 17:28:20","0002","03/07/2009 17:28:20","N","EH","",""
"10436","PAPERS","","10093","0002","07/07/2009 21:20:33","0002","07/07/2009 21:20:33","N","EH","",""
"10437","DAILY PAPERS","","10093","0002","07/07/2009 21:20:55","0002","07/07/2009 21:20:55","N","EH","",""
"10438","LOTTO","","10090","0002","07/07/2009 21:37:24","0002","07/07/2009 21:37:24","N","EH","",""
"10439","CARDS","","10104","0002","13/02/2010 14:17:12","0002","13/02/2010 14:17:12","N","EH","",""
"10440","SUNDAY PAPER","","10093","0001","05/10/2010 10:19:57","0001","05/10/2010 10:19:57","N","EH","",""
"10441","TRAVELCARD","","10105","0001","05/10/2010 10:31:28","0001","05/10/2010 10:31:28","N","EH","",""
"10442","COBRA","","10106","0001","05/10/2010 10:39:14","0001","05/10/2010 10:39:14","N","EH","",""
"10443","TALKHOME","","10106","0001","05/10/2010 10:41:54","0001","05/10/2010 10:41:54","N","EH","",""
"10444","CALLING CARD ","","10106","0001","05/10/2010 10:44:07","0001","05/10/2010 10:44:07","N","EH","",""
"10445","HANGING BAGS","","10088","0001","08/10/2010 10:08:12","0001","08/10/2010 10:08:12","N","EH","",""
"10446","CHILEAN","","10008","0003","23/10/2010 20:09:32","0003","23/10/2010 20:09:32","N","EH","",""
"10447","ARGENTINA","","10008","0003","23/10/2010 20:20:03","0003","23/10/2010 20:20:03","N","EH","",""
"10448","sun","","10031","0001","10/01/2011 10:02:06","0001","10/01/2011 10:02:06","N","EH","",""
"10449","CASE","","10000","0001","18/01/2011 18:15:41","0001","18/01/2011 18:15:41","N","EH","",""
"10450","SAUCE","","10086","0002","18/08/2011 10:45:59","0002","18/08/2011 10:45:59","N","EH","",""
"10451","HOMEBAKE","","10086","0002","18/08/2011 16:16:30","0002","18/08/2011 16:16:30","N","EH","",""
"10452","F&V","","10112","0001","03/09/2011 21:47:20","0001","03/09/2011 21:47:20","N","EH","",""
"10453","STATIONARY","ALL STATIONARY ITEMS","10092","414186","14/09/2012 18:06:28","414186","14/09/2012 18:06:28","N","EH","",""
"10454","Rwd Wine &Rose","","10008","0002","05/01/2013 14:47:14","0002","05/01/2013 14:47:14","N","EH","",""
"10455","White Wine","","10008","0002","05/01/2013 14:47:44","0002","05/01/2013 14:47:44","N","EH","",""
"10456","CRISP","","10039","0002","25/02/2013 16:05:13","0002","25/02/2013 16:05:13","N","EH","",""
"10457","CASE","CASE","10008","0002","31/07/2014 12:31:19","0002","31/07/2014 12:31:19","N","EH","",""
"10458","BISCUIT","","10118","0002","30/11/2014 20:33:14","0002","30/11/2014 20:33:14","N","EH","",""
"10459","JARS","","10118","0002","30/11/2014 20:38:37","0002","30/11/2014 20:38:37","N","EH","",""
"10460","GROCERY","","10118","0002","30/11/2014 20:49:17","0002","30/11/2014 20:49:17","N","EH","",""